Date,Close,6-month-ma
2015-08-07,2.77212,
2015-08-08,0.753325,2.77212
2015-08-09,0.701897,1.7627225000000002
2015-08-10,0.708448,1.409114
2015-08-11,1.06786,1.2339475
2015-08-12,1.21744,1.20073
2015-08-13,1.82767,1.2035150000000001
2015-08-14,1.82787,1.0461066666666667
2015-08-15,1.6889,1.2251975
2015-08-16,1.56603,1.389698
2015-08-17,1.20361,1.5326283333333333
2015-08-18,1.08705,1.5552533333333336
2015-08-19,1.25886,1.533521666666667
2015-08-20,1.46492,1.43872
2015-08-21,1.39529,1.3782283333333334
2015-08-22,1.37923,1.3292933333333332
2015-08-23,1.35259,1.29816
2015-08-24,1.23127,1.3229899999999999
2015-08-25,1.14019,1.3470266666666666
2015-08-26,1.15998,1.3272483333333334
2015-08-27,1.1477,1.276425
2015-08-28,1.19138,1.23516
2015-08-29,1.18255,1.2038516666666668
2015-08-30,1.31927,1.1755116666666667
2015-08-31,1.35824,1.1901783333333333
2015-09-01,1.35161,1.22652
2015-09-02,1.29479,1.2584583333333332
2015-09-03,1.26493,1.2829733333333333
2015-09-04,1.27441,1.2952316666666668
2015-09-05,1.33881,1.3105416666666667
2015-09-06,1.29583,1.3137983333333334
2015-09-07,1.24665,1.3033966666666668
2015-09-08,1.24243,1.2859033333333334
2015-09-09,1.20651,1.2771766666666666
2015-09-10,1.16577,1.2674400000000001
2015-09-11,0.982978,1.2493333333333334
2015-09-12,1.03874,1.1900279999999999
2015-09-13,0.936003,1.1471796666666665
2015-09-14,0.875622,1.0954051666666667
2015-09-15,0.94441,1.0342704999999999
2015-09-16,0.907175,0.9905871666666667
2015-09-17,0.874231,0.947488
2015-09-18,0.853685,0.9293635
2015-09-19,0.882391,0.898521
2015-09-20,0.938445,0.8895856666666667
2015-09-21,0.919047,0.9000561666666668
2015-09-22,0.901796,0.895829
2015-09-23,0.893406,0.8949325
2015-09-24,0.81361,0.8981283333333333
2015-09-25,0.736223,0.8914491666666665
2015-09-26,0.785964,0.8670878333333333
2015-09-27,0.720839,0.8416743333333333
2015-09-28,0.582886,0.8086396666666666
2015-09-29,0.661146,0.755488
2015-09-30,0.738644,0.716778
2015-10-01,0.690215,0.7042836666666666
2015-10-02,0.678574,0.6966156666666667
2015-10-03,0.687171,0.6787173333333333
2015-10-04,0.668379,0.6731060000000001
2015-10-05,0.628643,0.6873548333333334
2015-10-06,0.650645,0.6819376666666667
2015-10-07,0.609388,0.6672711666666666
2015-10-08,0.621716,0.6538
2015-10-09,0.650628,0.6443236666666666
2015-10-10,0.627857,0.6382331666666666
2015-10-11,0.634963,0.6314795
2015-10-12,0.62603,0.6325328333333333
2015-10-13,0.607655,0.6284303333333333
2015-10-14,0.522968,0.6281415
2015-10-15,0.561878,0.6116834999999999
2015-10-16,0.536495,0.5968918333333334
2015-10-17,0.547178,0.5816648333333333
2015-10-18,0.517734,0.567034
2015-10-19,0.489014,0.5489846666666667
2015-10-20,0.434829,0.5292111666666667
2015-10-21,0.447329,0.5145213333333334
2015-10-22,0.567702,0.49542983333333335
2015-10-23,0.539657,0.5006309999999999
2015-10-24,0.56359,0.49937750000000003
2015-10-25,0.616039,0.5070201666666666
2015-10-26,0.731317,0.528191
2015-10-27,0.869641,0.5776056666666666
2015-10-28,1.00248,0.647991
2015-10-29,1.20666,0.720454
2015-10-30,1.04122,0.8316211666666667
2015-10-31,0.916627,0.9112261666666668
2015-11-01,1.05567,0.9613241666666669
2015-11-02,0.989789,1.015383
2015-11-03,1.01336,1.0354076666666667
2015-11-04,0.89905,1.037221
2015-11-05,0.895637,0.9859526666666666
2015-11-06,0.926032,0.9616888333333332
2015-11-07,0.927974,0.9632563333333333
2015-11-08,1.02747,0.9419736666666666
2015-11-09,0.999278,0.9482538333333334
2015-11-10,0.934348,0.9459068333333334
2015-11-11,0.791829,0.9517898333333333
2015-11-12,0.895711,0.9344885
2015-11-13,0.904096,0.9294350000000001
2015-11-14,0.888812,0.9254553333333334
2015-11-15,0.906368,0.9023456666666667
2015-11-16,0.928962,0.8868606666666666
2015-11-17,1.00798,0.885963
2015-11-18,0.993319,0.9219881666666666
2015-11-19,0.955532,0.9382561666666667
2015-11-20,0.92492,0.9468288333333333
2015-11-21,0.97614,0.9528468333333334
2015-11-22,0.968018,0.9644755000000002
2015-11-23,0.946969,0.9709848333333334
2015-11-24,0.900191,0.9608163333333334
2015-11-25,0.863537,0.9452949999999999
2015-11-26,0.884183,0.9299624999999999
2015-11-27,0.867951,0.9231729999999999
2015-11-28,0.915703,0.9051414999999999
2015-11-29,0.878614,0.8964223333333333
2015-11-30,0.873119,0.8850298333333333
2015-12-01,0.8748,0.8805178333333333
2015-12-02,0.82121,0.8823950000000002
2015-12-03,0.812143,0.8718995
2015-12-04,0.840041,0.8625981666666668
2015-12-05,0.862438,0.8499878333333334
2015-12-06,0.8355,0.8472918333333334
2015-12-07,0.811264,0.841022
2015-12-08,0.822118,0.8304326666666665
2015-12-09,0.792167,0.830584
2015-12-10,0.840396,0.8272546666666667
2015-12-11,0.929762,0.8273138333333333
2015-12-12,0.976973,0.8385344999999998
2015-12-13,0.952884,0.8621133333333333
2015-12-14,0.993022,0.8857166666666667
2015-12-15,1.01415,0.9142006666666666
2015-12-16,0.991182,0.9511978333333332
2015-12-17,0.940701,0.9763288333333332
2015-12-18,0.920127,0.978152
2015-12-19,0.908072,0.9686776666666668
2015-12-20,0.903885,0.9612090000000001
2015-12-21,0.900771,0.9463528333333334
2015-12-22,0.864202,0.9274563333333332
2015-12-23,0.858077,0.9062930000000001
2015-12-24,0.863262,0.8925223333333333
2015-12-25,0.870363,0.8830448333333333
2015-12-26,0.854603,0.87676
2015-12-27,0.856365,0.8685463333333333
2015-12-28,0.845005,0.8611453333333334
2015-12-29,0.873054,0.8579458333333333
2015-12-30,0.911958,0.8604419999999999
2015-12-31,0.933542,0.868558
2016-01-01,0.948024,0.8790878333333333
2016-01-02,0.937124,0.8946580000000001
2016-01-03,0.971905,0.9081178333333333
2016-01-04,0.95448,0.9292678333333333
2016-01-05,0.950176,0.9428388333333334
2016-01-06,0.95086,0.9492085
2016-01-07,0.942005,0.9520948333333333
2016-01-08,0.986789,0.9510916666666667
2016-01-09,0.986833,0.9593691666666667
2016-01-10,0.999231,0.9618571666666665
2016-01-11,1.0616,0.9693156666666667
2016-01-12,1.141,0.9878863333333334
2016-01-13,1.1252,1.0195763333333334
2016-01-14,1.18959,1.0501088333333335
2016-01-15,1.20801,1.083909
2016-01-16,1.22029,1.1207718333333334
2016-01-17,1.32747,1.157615
2016-01-18,1.42634,1.2019266666666668
2016-01-19,1.37139,1.2494833333333333
2016-01-20,1.53182,1.290515
2016-01-21,1.55357,1.3475533333333332
2016-01-22,1.50127,1.4051466666666668
2016-01-23,1.97267,1.4519766666666667
2016-01-24,2.1412,1.5595099999999997
2016-01-25,2.49927,1.678653333333333
2016-01-26,2.27637,1.8666333333333334
2016-01-27,2.38855,1.990725
2016-01-28,2.52649,2.129888333333333
2016-01-29,2.49496,2.300758333333333
2016-01-30,2.44506,2.3878066666666666
2016-01-31,2.30604,2.43845
2016-02-01,2.21169,2.4062449999999997
2016-02-02,2.43964,2.3954649999999997
2016-02-03,2.52869,2.40398
2016-02-04,2.57804,2.4043466666666666
2016-02-05,2.53899,2.4181933333333334
2016-02-06,2.53446,2.433848333333333
2016-02-07,2.96434,2.4719183333333334
2016-02-08,3.17979,2.59736
2016-02-09,4.04464,2.7207183333333336
2016-02-10,4.43626,2.973376666666667
2016-02-11,6.0131,3.28308
2016-02-12,5.54698,3.8620983333333334
2016-02-13,5.38532,4.364185
2016-02-14,5.23973,4.767681666666666
2016-02-15,5.28835,5.111005
2016-02-16,4.31529,5.31829
2016-02-17,3.75724,5.2981283333333336
2016-02-18,4.39913,4.922151666666666
2016-02-19,4.73789,4.7308433333333335
2016-02-20,4.34133,4.622938333333334
2016-02-21,4.65362,4.473205
2016-02-22,5.6165,4.367416666666667
2016-02-23,5.58621,4.584285
2016-02-24,6.23647,4.889113333333333
2016-02-25,6.1048,5.195336666666667
2016-02-26,5.92167,5.423155
2016-02-27,6.42586,5.686545
2016-02-28,6.46835,5.981918333333333
2016-02-29,6.33699,6.123893333333334
2016-03-01,7.65369,6.249023333333334
2016-03-02,8.46539,6.485226666666667
2016-03-03,9.29415,6.878658333333334
2016-03-04,10.406,7.440738333333333
2016-03-05,11.0037,8.104095000000001
2016-03-06,11.3829,8.859986666666666
2016-03-07,9.55263,9.700971666666666
2016-03-08,9.84721,10.017461666666666
2016-03-09,11.898,10.247765000000001
2016-03-10,11.305,10.68174
2016-03-11,11.0828,10.831573333333333
2016-03-12,13.5333,10.844756666666667
2016-03-13,14.475,11.203156666666667
2016-03-14,12.4526,12.023551666666668
2016-03-15,13.01,12.457783333333333
2016-03-16,12.5209,12.643116666666666
2016-03-17,11.0815,12.845766666666664
2016-03-18,10.9981,12.845550000000001
2016-03-19,10.5307,12.423016666666667
2016-03-20,10.3198,11.765633333333334
2016-03-21,11.8641,11.410166666666667
2016-03-22,11.2748,11.219183333333334
2016-03-23,12.4167,11.0115
2016-03-24,11.235,11.234033333333334
2016-03-25,10.7432,11.273516666666666
2016-03-26,10.974,11.308933333333334
2016-03-27,10.4192,11.417966666666667
2016-03-28,11.6656,11.17715
2016-03-29,11.6564,11.242283333333333
2016-03-30,11.9529,11.115566666666666
2016-03-31,11.4035,11.235216666666666
2016-04-01,11.6636,11.345266666666666
2016-04-02,11.5989,11.4602
2016-04-03,11.6183,11.656816666666666
2016-04-04,11.1573,11.648933333333332
2016-04-05,10.4381,11.56575
2016-04-06,10.6854,11.313283333333333
2016-04-07,10.0697,11.193599999999998
2016-04-08,9.71959,10.927950000000001
2016-04-09,9.15062,10.614731666666666
2016-04-10,8.93634,10.203451666666666
2016-04-11,8.64379,9.833291666666666
2016-04-12,7.44231,9.534239999999999
2016-04-13,8.04442,8.993725
2016-04-14,8.38724,8.656178333333335
2016-04-15,8.24278,8.43412
2016-04-16,8.6095,8.282813333333333
2016-04-17,9.3091,8.228340000000001
2016-04-18,9.036,8.339225
2016-04-19,8.71488,8.604840000000001
2016-04-20,8.46579,8.716583333333332
2016-04-21,8.10217,8.729675
2016-04-22,7.82126,8.706240000000001
2016-04-23,8.29479,8.574866666666667
2016-04-24,8.00135,8.405814999999999
2016-04-25,7.55434,8.233373333333333
2016-04-26,7.39704,8.039950000000001
2016-04-27,7.75997,7.861825
2016-04-28,7.17253,7.8047916666666675
2016-04-29,7.45729,7.69667
2016-04-30,8.81398,7.557086666666666
2016-05-01,8.8465,7.692525000000001
2016-05-02,10.1632,7.907885
2016-05-03,9.31127,8.368911666666667
2016-05-04,9.41377,8.627461666666667
2016-05-05,9.8261,9.001001666666667
2016-05-06,9.34664,9.395803333333335
2016-05-07,9.37051,9.48458
2016-05-08,9.48293,9.571914999999999
2016-05-09,9.29773,9.458536666666667
2016-05-10,9.36152,9.45628
2016-05-11,9.99628,9.447571666666667
2016-05-12,10.0578,9.475935
2016-05-13,10.5066,9.594461666666666
2016-05-14,10.2397,9.78381
2016-05-15,9.96235,9.909938333333333
2016-05-16,11.1713,10.020708333333333
2016-05-17,12.1988,10.322338333333333
2016-05-18,13.5586,10.689425
2016-05-19,14.7697,11.272891666666666
2016-05-20,13.6356,11.983408333333335
2016-05-21,14.015,12.549391666666667
2016-05-22,14.2861,13.224833333333335
2016-05-23,13.4615,13.743966666666667
2016-05-24,12.7323,13.954416666666665
2016-05-25,12.526,13.816699999999999
2016-05-26,12.4304,13.442749999999998
2016-05-27,11.2958,13.241883333333334
2016-05-28,11.8929,12.788683333333333
2016-05-29,12.3504,12.389816666666666
2016-05-30,12.7253,12.204633333333334
2016-05-31,14.0773,12.203466666666666
2016-06-01,14.0015,12.462016666666665
2016-06-02,13.738,12.723866666666666
2016-06-03,13.8467,13.130899999999999
2016-06-04,13.7404,13.456533333333333
2016-06-05,13.975,13.6882
2016-06-06,13.9341,13.896483333333334
2016-06-07,14.512,13.872616666666667
2016-06-08,14.4177,13.9577
2016-06-09,14.3986,14.070983333333333
2016-06-10,13.9086,14.162966666666668
2016-06-11,14.1916,14.191000000000003
2016-06-12,15.7437,14.2271
2016-06-13,17.602699,14.5287
2016-06-14,18.8932,15.0438165
2016-06-15,18.3543,15.789733166666666
2016-06-16,20.5886,16.4490165
2016-06-17,15.3768,17.562349833333332
2016-06-18,11.3307,17.759883166666665
2016-06-19,12.2342,17.024383166666667
2016-06-20,11.8395,16.12963333333333
2016-06-21,13.3067,14.954016666666666
2016-06-22,13.0951,14.11275
2016-06-23,13.6762,12.863833333333334
2016-06-24,14.3321,12.5804
2016-06-25,14.283,13.080633333333333
2016-06-26,13.8502,13.4221
2016-06-27,13.8839,13.757216666666666
2016-06-28,12.1756,13.853416666666666
2016-06-29,12.6112,13.700166666666666
2016-06-30,12.4615,13.522666666666666
2016-07-01,12.1995,13.2109
2016-07-02,12.1284,12.86365
2016-07-03,11.7202,12.576683333333333
2016-07-04,11.471,12.216066666666668
2016-07-05,10.6114,12.098633333333334
2016-07-06,10.5289,11.765333333333333
2016-07-07,10.1094,11.443233333333334
2016-07-08,11.3946,11.094883333333334
2016-07-09,10.9655,10.972583333333333
2016-07-10,10.9476,10.8468
2016-07-11,10.459,10.759566666666666
2016-07-12,10.5161,10.734166666666667
2016-07-13,10.5005,10.732033333333334
2016-07-14,11.5132,10.797216666666666
2016-07-15,11.9516,10.816983333333333
2016-07-16,11.6528,10.981333333333334
2016-07-17,11.1587,11.098866666666666
2016-07-18,11.0344,11.215483333333331
2016-07-19,11.6191,11.301866666666667
2016-07-20,12.4506,11.4883
2016-07-21,12.6507,11.644533333333333
2016-07-22,14.6619,11.76105
2016-07-23,14.2997,12.262566666666666
2016-07-24,12.7495,12.786066666666665
2016-07-25,13.8361,13.071916666666665
2016-07-26,11.9895,13.441416666666667
2016-07-27,12.9728,13.364566666666667
2016-07-28,12.8436,13.418249999999999
2016-07-29,12.7946,13.115200000000002
2016-07-30,12.461,12.864350000000002
2016-07-31,11.8759,12.81626666666667
2016-08-01,10.9416,12.489566666666667
2016-08-02,8.78728,12.314916666666667
2016-08-03,10.2939,11.61733
2016-08-04,11.0428,11.19238
2016-08-05,10.9254,10.900413333333333
2016-08-06,10.8811,10.64448
2016-08-07,10.9116,10.478679999999999
2016-08-08,11.2454,10.47368
2016-08-09,12.2443,10.883366666666667
2016-08-10,12.1432,11.208433333333332
2016-08-11,11.6909,11.391833333333333
2016-08-12,11.7785,11.519416666666666
2016-08-13,11.5713,11.668983333333331
2016-08-14,11.1948,11.778933333333335
2016-08-15,11.2184,11.7705
2016-08-16,11.1397,11.599516666666666
2016-08-17,10.7528,11.432266666666665
2016-08-18,10.7561,11.275916666666667
2016-08-19,10.7487,11.105516666666668
2016-08-20,11.2474,10.968416666666664
2016-08-21,11.1792,10.977183333333334
2016-08-22,11.1209,10.970650000000001
2016-08-23,11.0306,10.967516666666667
2016-08-24,11.036,11.013816666666669
2016-08-25,11.3574,11.060466666666665
2016-08-26,11.2954,11.161916666666668
2016-08-27,11.1482,11.169916666666667
2016-08-28,10.9293,11.16475
2016-08-29,10.9838,11.132816666666665
2016-08-30,11.2289,11.125016666666667
2016-08-31,11.6724,11.157166666666667
2016-09-01,11.9949,11.209666666666665
2016-09-02,12.113,11.32625
2016-09-03,11.7587,11.487049999999998
2016-09-04,11.6799,11.625283333333334
2016-09-05,11.717,11.7413
2016-09-06,11.6891,11.822650000000001
2016-09-07,11.5479,11.825433333333331
2016-09-08,11.3459,11.750933333333334
2016-09-09,11.6528,11.623083333333334
2016-09-10,12.1685,11.605433333333332
2016-09-11,11.6384,11.686866666666667
2016-09-12,11.8937,11.673766666666667
2016-09-13,11.9187,11.707866666666668
2016-09-14,11.9232,11.769666666666666
2016-09-15,11.937,11.865883333333334
2016-09-16,12.5558,11.91325
2016-09-17,12.6986,11.9778
2016-09-18,12.4312,12.154499999999999
2016-09-19,13.189,12.244083333333334
2016-09-20,14.4303,12.455800000000002
2016-09-21,13.7685,12.87365
2016-09-22,13.2476,13.1789
2016-09-23,13.3313,13.294199999999998
2016-09-24,12.8779,13.39965
2016-09-25,13.1009,13.474100000000002
2016-09-26,12.8231,13.459416666666668
2016-09-27,13.0983,13.19155
2016-09-28,13.2748,13.079849999999999
2016-09-29,13.0734,13.084383333333335
2016-09-30,13.2248,13.041400000000001
2016-10-01,13.1727,13.099216666666665
2016-10-02,13.1997,13.111183333333335
2016-10-03,13.4524,13.17395
2016-10-04,13.277,13.232966666666668
2016-10-05,13.0357,13.233333333333333
2016-10-06,12.8543,13.22705
2016-10-07,12.6671,13.1653
2016-10-08,12.2191,13.081033333333332
2016-10-09,12.0537,12.9176
2016-10-10,11.7555,12.684483333333333
2016-10-11,11.7857,12.430900000000001
2016-10-12,11.9335,12.222566666666665
2016-10-13,11.963,12.0691
2016-10-14,11.9382,11.951749999999999
2016-10-15,11.9834,11.904933333333332
2016-10-16,11.9516,11.893216666666667
2016-10-17,12.005,11.9259
2016-10-18,12.5885,11.962449999999999
2016-10-19,12.0226,12.071616666666666
2016-10-20,12.099,12.08155
2016-10-21,12.1754,12.10835
2016-10-22,12.0715,12.14035
2016-10-23,12.036,12.160333333333334
2016-10-24,11.969,12.1655
2016-10-25,11.414,12.06225
2016-10-26,11.532,11.960816666666666
2016-10-27,11.4997,11.866316666666664
2016-10-28,11.0851,11.7537
2016-10-29,10.4446,11.5893
2016-10-30,11.1828,11.324066666666667
2016-10-31,10.9982,11.193033333333334
2016-11-01,10.7661,11.123733333333334
2016-11-02,10.7526,10.996083333333333
2016-11-03,10.801,10.871566666666666
2016-11-04,11.0907,10.824216666666667
2016-11-05,11.0025,10.9319
2016-11-06,10.8735,10.901850000000001
2016-11-07,10.8088,10.881066666666667
2016-11-08,10.8337,10.888183333333332
2016-11-09,10.6555,10.9017
2016-11-10,10.5245,10.877450000000001
2016-11-11,10.2899,10.783083333333332
2016-11-12,9.87796,10.664316666666666
2016-11-13,10.1015,10.498393333333333
2016-11-14,9.96648,10.38051
2016-11-15,10.2175,10.235973333333334
2016-11-16,10.0591,10.162973333333332
2016-11-17,9.99118,10.085406666666666
2016-11-18,9.47616,10.03562
2016-11-19,9.66276,9.968653333333334
2016-11-20,9.57928,9.89553
2016-11-21,9.62082,9.830996666666666
2016-11-22,9.90572,9.73155
2016-11-23,9.84362,9.705986666666668
2016-11-24,9.23167,9.681393333333334
2016-11-25,9.40205,9.640645000000001
2016-11-26,9.32811,9.597193333333335
2016-11-27,8.99847,9.555331666666666
2016-11-28,8.72482,9.451606666666665
2016-11-29,8.17412,9.254789999999998
2016-11-30,8.58754,8.97654
2016-12-01,8.4525,8.869185
2016-12-02,7.75996,8.710926666666666
2016-12-03,7.92134,8.449568333333334
2016-12-04,7.44368,8.270046666666667
2016-12-05,6.82166,8.056523333333333
2016-12-06,7.86893,7.831113333333334
2016-12-07,8.38148,7.711345000000001
2016-12-08,8.23051,7.699508333333333
2016-12-09,8.44601,7.7779333333333325
2016-12-10,8.12516,7.865378333333332
2016-12-11,8.19362,7.978958333333334
2016-12-12,8.52221,8.207618333333334
2016-12-13,8.42285,8.316498333333334
2016-12-14,8.26523,8.323393333333334
2016-12-15,7.82847,8.329180000000001
2016-12-16,7.85821,8.226256666666666
2016-12-17,7.87659,8.181765
2016-12-18,7.86532,8.128926666666667
2016-12-19,7.64382,8.019445
2016-12-20,7.66004,7.889606666666666
2016-12-21,7.9144,7.788741666666667
2016-12-22,7.585,7.803063333333333
2016-12-23,7.16615,7.757528333333333
2016-12-24,7.26577,7.639121666666667
2016-12-25,7.17508,7.539196666666666
2016-12-26,7.27409,7.461073333333332
2016-12-27,7.17082,7.396748333333332
2016-12-28,7.52011,7.272818333333333
2016-12-29,8.28416,7.262003333333333
2016-12-30,8.15998,7.448338333333333
2016-12-31,7.9691,7.5973733333333335
2017-01-01,8.17257,7.729710000000001
2017-01-02,8.37851,7.879456666666667
2017-01-03,9.72525,8.080738333333334
2017-01-04,11.2516,8.448261666666667
2017-01-05,10.2544,8.942835
2017-01-06,10.2547,9.291905
2017-01-07,9.86719,9.672838333333333
2017-01-08,10.2898,9.955275
2017-01-09,10.3256,10.273823333333333
2017-01-10,10.5496,10.373881666666666
2017-01-11,9.71776,10.256881666666667
2017-01-12,9.86133,10.167441666666667
2017-01-13,9.7695,10.10188
2017-01-14,9.64666,10.085598333333335
2017-01-15,9.90426,9.978408333333334
2017-01-16,9.6365,9.908185000000001
2017-01-17,10.3023,9.756001666666668
2017-01-18,10.2278,9.853425
2017-01-19,10.3972,9.914503333333334
2017-01-20,10.6006,10.019120000000001
2017-01-21,10.9092,10.17811
2017-01-22,10.7032,10.3456
2017-01-23,10.8208,10.523383333333333
2017-01-24,10.6325,10.6098
2017-01-25,10.5705,10.67725
2017-01-26,10.5891,10.706133333333334
2017-01-27,10.5373,10.704216666666667
2017-01-28,10.565,10.642233333333333
2017-01-29,10.484,10.6192
2017-01-30,10.5712,10.563066666666666
2017-01-31,10.7275,10.55285
2017-02-01,10.7321,10.579016666666666
2017-02-02,10.8214,10.602849999999998
2017-02-03,11.1145,10.6502
2017-02-04,11.4335,10.741783333333332
2017-02-05,11.353,10.900033333333333
2017-02-06,11.3894,11.030333333333333
2017-02-07,11.5153,11.14065
2017-02-08,11.4312,11.271183333333333
2017-02-09,11.0322,11.372816666666665
2017-02-10,11.2789,11.3591
2017-02-11,11.3495,11.333333333333334
2017-02-12,11.3992,11.332749999999999
2017-02-13,11.2695,11.334383333333333
2017-02-14,13.0252,11.293416666666667
2017-02-15,12.9197,11.559083333333334
2017-02-16,12.9037,11.873666666666667
2017-02-17,12.6765,12.144466666666668
2017-02-18,12.8102,12.365633333333333
2017-02-19,12.7585,12.6008
2017-02-20,12.4301,12.848966666666668
2017-02-21,12.6684,12.749783333333335
2017-02-22,12.5997,12.7079
2017-02-23,13.1194,12.657233333333332
2017-02-24,13.0692,12.731050000000002
2017-02-25,13.5487,12.774216666666668
2017-02-26,14.52,12.905916666666668
2017-02-27,15.3965,13.254233333333334
2017-02-28,15.8172,13.708916666666667
2017-03-01,17.349701,14.245166666666668
2017-03-02,19.030199,14.950216833333334
2017-03-03,19.459,15.943716666666667
2017-03-04,18.6189,16.928766666666665
2017-03-05,19.302299,17.611916666666666
2017-03-06,19.6057,18.262883166666665
2017-03-07,18.888599,18.89429983333333
2017-03-08,16.6513,19.150782833333334
2017-03-09,17.7547,18.754299666666668
2017-03-10,19.3323,18.470249666666664
2017-03-11,21.4725,18.589149666666668
2017-03-12,23.4377,18.950849833333333
2017-03-13,28.592899,19.5895165
2017-03-14,28.6546,21.206899833333335
2017-03-15,35.055901,23.20744983333333
2017-03-16,46.345798,26.09098333333333
2017-03-17,46.827999,30.593232999999998
2017-03-18,34.160198,34.8191495
2017-03-19,44.740101,36.6062325
2017-03-20,43.390202,39.29743283333333
2017-03-21,43.1451,41.753366500000006
2017-03-22,42.342098,43.10156633333333
2017-03-23,43.678398,42.434283
2017-03-24,53.107498,41.9093495
2017-03-25,51.25,45.06723283333334
2017-03-26,50.521599,46.152216
2017-03-27,49.666901,47.34078216666666
2017-03-28,50.774899,48.427749000000006
2017-03-29,53.126099,49.83321583333333
2017-03-30,52.205799,51.40783266666667
2017-03-31,50.0373,51.2575495
2017-04-01,50.699501,51.055432833333334
2017-04-02,48.748699,51.085083166666664
2017-04-03,44.3564,50.932049500000005
2017-04-04,44.641899,49.86229966666667
2017-04-05,45.304001,48.44826633333333
2017-04-06,43.2421,47.29796666666667
2017-04-07,42.162601,46.16543333333333
2017-04-08,44.307098,44.74261666666666
2017-04-09,43.266998,44.002349833333334
2017-04-10,43.4352,43.82078283333334
2017-04-11,43.4072,43.619666333333335
2017-04-12,46.2873,43.30353283333334
2017-04-13,50.219398,43.81106616666667
2017-04-14,47.5741,45.15386566666667
2017-04-15,49.101501,45.698366
2017-04-16,48.718498,46.670783166666666
2017-04-17,48.3046,47.55133283333333
2017-04-18,50.7075,48.36756616666667
2017-04-19,48.305302,49.10426616666666
2017-04-20,49.672199,48.785250166666664
2017-04-21,48.2244,49.13493333333333
2017-04-22,48.553001,48.98874983333334
2017-04-23,48.4893,48.961166999999996
2017-04-24,50.031502,48.991950333333335
2017-04-25,49.891201,48.879284000000006
2017-04-26,52.720299,49.1436005
2017-04-27,62.167702,49.651617166666675
2017-04-28,70.159203,51.975500833333335
2017-04-29,68.3769,55.5765345
2017-04-30,79.021202,58.8911345
2017-05-01,76.296997,63.722751166666676
2017-05-02,77.263802,68.12371716666667
2017-05-03,79.718201,72.214301
2017-05-04,96.9814,75.13938416666667
2017-05-05,94.398499,79.60975033333334
2017-05-06,97.813499,83.94668349999999
2017-05-07,94.007301,87.078733
2017-05-08,91.420403,90.03045033333332
2017-05-09,91.162903,92.38988383333333
2017-05-10,89.524902,94.29733416666666
2017-05-11,89.8797,93.05458449999999
2017-05-12,88.655403,92.30145133333333
2017-05-13,90.835403,90.775102
2017-05-14,90.786499,90.24645233333332
2017-05-15,92.414902,90.14080166666668
2017-05-16,89.438004,90.34946816666667
2017-05-17,89.860397,90.33498516666667
2017-05-18,96.906303,90.33176800000001
2017-05-19,129.526993,91.70691800000002
2017-05-20,126.521004,98.15551633333332
2017-05-21,157.936996,104.11126716666666
2017-05-22,174.261002,115.03161616666667
2017-05-23,181.951996,129.1687825
2017-05-24,190.046005,144.51738233333333
2017-05-25,174.445999,160.04066600000002
2017-05-26,160.403,167.527167
2017-05-27,157.757996,173.17416633333335
2017-05-28,170.511002,173.144333
2017-05-29,194.908997,172.519333
2017-05-30,231.910995,174.67883316666666
2017-05-31,230.669006,181.6563315
2017-06-01,222.238998,191.02683266666665
2017-06-02,223.774994,201.33283233333336
2017-06-03,224.376007,212.3356653333333
2017-06-04,245.332001,221.31316616666666
2017-06-05,248.464005,229.71700016666668
2017-06-06,264.466003,232.47583516666668
2017-06-07,258.071014,238.108668
2017-06-08,261.665985,244.08067066666663
2017-06-09,281.737,250.39583583333334
2017-06-10,337.667999,259.9560013333333
2017-06-11,340.609009,275.3453343333333
2017-06-12,401.48999,290.702835
2017-06-13,397.536987,313.54016616666667
2017-06-14,359.053009,336.784495
2017-06-15,361.933014,353.01566566666673
2017-06-16,370.22699,366.381668
2017-06-17,379.414001,371.80816649999997
2017-06-18,371.458008,378.27566516666667
2017-06-19,370.056,373.2703348333334
2017-06-20,359.005005,368.6901703333333
2017-06-21,336.872009,368.68216966666665
2017-06-22,336.371002,364.5053355
2017-06-23,341.739014,358.8626708333333
2017-06-24,323.696014,352.58350633333333
2017-06-25,303.247986,344.623174
2017-06-26,272.691986,333.488505
2017-06-27,293.088013,319.10300183333334
2017-06-28,327.927002,311.80566916666663
2017-06-29,302.882996,310.3983358333333
2017-06-30,294.915985,303.9223328333333
2017-07-01,274.601013,299.1256613333333
2017-07-02,287.987,294.35116583333337
2017-07-03,282.89801,296.9003348333333
2017-07-04,273.303009,295.202001
2017-07-05,268.773987,286.0980021666667
2017-07-06,270.549011,280.4131673333333
2017-07-07,245.990997,276.352005
2017-07-08,251.697006,271.583669
2017-07-09,242.136993,265.53533666666664
2017-07-10,215.356995,258.7418338333333
2017-07-11,197.404007,249.08416483333335
2017-07-12,230.774002,237.18916816666663
2017-07-13,209.733002,230.56000000000003
2017-07-14,199.662003,224.51700083333333
2017-07-15,170.654999,215.84450033333334
2017-07-16,157.363007,203.93083466666667
2017-07-17,193.423996,194.26517
2017-07-18,234.391006,193.60183483333333
2017-07-19,199.703003,194.20466883333333
2017-07-20,227.264999,192.53300233333334
2017-07-21,218.304993,197.1335016666667
2017-07-22,229.475998,205.07516733333333
2017-07-23,225.951004,217.09399916666666
2017-07-24,224.710999,222.51516716666666
2017-07-25,206.710007,220.90183266666668
2017-07-26,203.953003,222.06966666666665
2017-07-27,204.317993,218.184334
2017-07-28,193.123001,215.85316733333332
2017-07-29,205.789001,209.7943345
2017-07-30,197.977997,206.43400066666666
2017-07-31,203.871002,201.97850033333336
2017-08-01,226.768997,201.50533283333334
2017-08-02,219.951996,205.30799850000002
2017-08-03,225.341995,207.91366566666667
2017-08-04,223.072998,213.283498
2017-08-05,256.506989,216.16416416666664
2017-08-06,261.566986,225.9189961666667
2017-08-07,269.179993,235.5349935
2017-08-08,296.769012,242.60349283333335
2017-08-09,296.027008,255.40632883333333
2017-08-10,295.891998,267.1871643333333
2017-08-11,308.864014,279.32366433333334
2017-08-12,310.601013,288.04983516666664
2017-08-13,298.063995,296.22217300000005
2017-08-14,300.096985,301.03617333333335
2017-08-15,289.817993,301.5908355
2017-08-16,302.266998,300.55599966666665
2017-08-17,301.457001,301.61849966666665
2017-08-18,295.589996,300.3839975
2017-08-19,297.470001,297.8821613333334
2017-08-20,301.428009,297.78316233333334
2017-08-21,321.591003,298.00499966666666
2017-08-22,314.785004,303.30050133333333
2017-08-23,317.519012,305.3868356666667
2017-08-24,325.610992,308.06383750000003
2017-08-25,331.915009,313.0673368333333
2017-08-26,333.881989,318.8081715
2017-08-27,347.893005,324.2171681666667
2017-08-28,347.747009,328.6008351666667
2017-08-29,370.666992,334.09450266666664
2017-08-30,378.484985,342.95249933333326
2017-08-31,383.041992,351.76483149999996
2017-09-01,387.740997,360.28599533333335
2017-09-02,348.984009,369.26249666666666
2017-09-03,347.484009,369.4443306666667
2017-09-04,295.17099,369.4004973333333
2017-09-05,312.988007,356.81783033333335
2017-09-06,334.338013,345.9016673333333
2017-09-07,329.428009,337.7843375
2017-09-08,296.497009,328.0655061666667
2017-09-09,294.404999,319.31767283333335
2017-09-10,288.747009,310.47117116666664
2017-09-11,294.532013,309.40050766666667
2017-09-12,291.463989,306.32450866666665
2017-09-13,277.112,299.178838
2017-09-14,213.908005,290.4595031666667
2017-09-15,250.464005,276.69466916666664
2017-09-16,246.522003,269.3711701666667
2017-09-17,251.748993,262.33366916666665
2017-09-18,293.497009,255.20316583333337
2017-09-19,282.803986,255.5420025
2017-09-20,283.742004,256.4906668333333
2017-09-21,258.579987,268.12966666666665
2017-09-22,264.309998,269.4823303333333
2017-09-23,286.167999,272.4469961666667
2017-09-24,282.483002,278.18349716666665
2017-09-25,292.332001,276.3478293333333
2017-09-26,287.437988,277.93583183333334
2017-09-27,306.46701,278.55182916666666
2017-09-28,299.154999,286.5329996666666
2017-09-29,291.46701,292.34049983333335
2017-09-30,301.464996,293.2236683333333
2017-10-01,302.337006,296.387334
2017-10-02,297.475006,298.05483483333336
2017-10-03,292.463013,299.72767116666665
2017-10-04,292.65799,297.39367166666665
2017-10-05,295.863007,296.3108368333333
2017-10-06,308.588013,297.04350299999993
2017-10-07,311.123993,298.23067249999997
2017-10-08,308.608002,299.69517033333335
2017-10-09,297.391998,301.5506696666667
2017-10-10,299.869995,302.37216716666666
2017-10-11,303.455994,303.57416800000004
2017-10-12,304.135986,304.83966583333336
2017-10-13,338.756989,304.09766133333335
2017-10-14,339.627991,308.7031606666667
2017-10-15,336.595001,313.8731588333333
2017-10-16,333.384003,320.40699266666667
2017-10-17,317.082001,325.9926606666667
2017-10-18,314.319,328.26366183333334
2017-10-19,308.088013,329.9608308333333
2017-10-20,304.006012,324.84933483333333
2017-10-21,300.187012,318.91233833333337
2017-10-22,295.446014,312.84434016666665
2017-10-23,286.950012,306.52134199999995
2017-10-24,298.328003,301.4993438333333
2017-10-25,297.924988,298.8341776666667
2017-10-26,296.527008,297.1403401666667
2017-10-27,297.423004,295.8938395
2017-10-28,296.298004,295.4331715
2017-10-29,305.088013,295.57516983333335
2017-10-30,307.751007,298.59817000000004
2017-10-31,305.878998,300.1686706666667
2017-11-01,291.694,301.494339
2017-11-02,287.428986,300.68883766666664
2017-11-03,305.710999,299.023168
2017-11-04,300.468994,300.5920005
2017-11-05,296.263,299.822164
2017-11-06,298.891998,297.9074961666667
2017-11-07,294.658997,296.74299616666667
2017-11-08,309.070007,297.23716233333334
2017-11-09,320.884003,300.84399916666666
2017-11-10,299.252991,303.3728331666667
2017-11-11,314.681,303.170166
2017-11-12,307.90799,306.2398326666667
2017-11-13,316.716003,307.742498
2017-11-14,337.631012,311.41866566666664
2017-11-15,333.356995,316.17883316666666
2017-11-16,330.924011,318.25766516666664
2017-11-17,332.394012,323.5361685
2017-11-18,347.612,326.48833716666667
2017-11-19,354.385986,333.1056721666667
2017-11-20,366.730011,339.3840026666667
2017-11-21,360.401001,344.23383583333333
2017-11-22,380.652008,348.7411701666667
2017-11-23,410.165985,357.02916966666663
2017-11-24,474.911011,369.99116516666663
2017-11-25,466.276001,391.20766699999996
2017-11-26,471.329987,409.8560028333333
2017-11-27,480.355011,427.2893321666666
2017-11-28,472.902008,447.2816671666667
2017-11-29,427.52301,462.6566671666667
2017-11-30,447.114014,465.5495046666667
2017-12-01,466.540009,460.91667183333334
2017-12-02,463.449005,460.9606731666667
2017-12-03,465.852997,459.64717616666667
2017-12-04,470.20401,457.2301738333333
2017-12-05,463.281006,456.78050749999994
2017-12-06,428.588013,462.7401735
2017-12-07,434.40799,459.6525066666666
2017-12-08,456.031006,454.2971701666667
2017-12-09,473.502014,453.060837
2017-12-10,441.721008,454.3356731666667
2017-12-11,515.135986,449.5885061666667
2017-12-12,651.43103,458.2310028333333
2017-12-13,702.767029,495.3715056666667
2017-12-14,695.815979,540.0980121666666
2017-12-15,684.447998,580.0621743333332
2017-12-16,696.208984,615.2198383333333
2017-12-17,719.974976,657.634501
2017-12-18,794.64502,691.7743326666667
2017-12-19,826.822998,715.6433309999999
2017-12-20,819.085999,736.3193258333334
2017-12-21,821.062988,756.8643291666667
2017-12-22,674.859985,779.6334941666668
2017-12-23,719.387024,776.0753276666668
2017-12-24,694.14801,775.9773356666666
2017-12-25,765.833984,759.2278339999999
2017-12-26,773.835999,749.0629983333333
2017-12-27,762.84198,741.5213316666667
2017-12-28,737.02301,731.8178303333334
2017-12-29,753.59198,742.1783345
2017-12-30,717.257019,747.8791605
2017-12-31,756.732971,751.730662
2018-01-01,772.640991,750.2138265
2018-01-02,884.44397,750.0146585000001
2018-01-03,962.719971,770.2816568333333
2018-01-04,980.921997,807.897817
2018-01-05,997.719971,845.7861531666667
2018-01-06,1041.680054,892.5299785000001
2018-01-07,1153.170044,940.0211589999999
2018-01-08,1148.530029,1003.4426678333333
2018-01-09,1299.73999,1047.4570110000002
2018-01-10,1255.819946,1103.6270141666666
2018-01-11,1154.930054,1149.4433390000002
2018-01-12,1273.199951,1175.6450195
2018-01-13,1396.420044,1214.231669
2018-01-14,1366.77002,1254.7733356666668
2018-01-15,1291.920044,1291.1466675000001
2018-01-16,1053.689941,1289.8433431666667
2018-01-17,1014.25,1256.155009
2018-01-18,1036.280029,1232.7083333333333
2018-01-19,1039.099976,1193.2216796666667
2018-01-20,1155.150024,1133.668335
2018-01-21,1049.579956,1098.3983356666668
2018-01-22,1003.26001,1058.008321
2018-01-23,986.229004,1049.6033324999999
2018-01-24,1058.780029,1044.9331665
2018-01-25,1056.030029,1048.6831665
2018-01-26,1055.170044,1051.504842
2018-01-27,1107.069946,1034.841512
2018-01-28,1246.01001,1044.4231770000001
2018-01-29,1182.359985,1084.8815103333334
2018-01-30,1071.130005,1117.5700071666668
2018-01-31,1118.310059,1119.6283365000002
2018-02-01,1036.790039,1130.0083415
2018-02-02,915.784973,1126.9450073333335
2018-02-03,964.018982,1095.0641785
2018-02-04,834.682007,1048.0656738333334
2018-02-05,697.950989,990.1193441666666
2018-02-06,793.122009,927.9228414999999
2018-02-07,757.067993,873.7248331666668
2018-02-08,817.807007,827.1044921666667
2018-02-09,883.86499,810.7748311666668
2018-02-10,860.414978,797.4158325
2018-02-11,814.659973,801.7046610000001
2018-02-12,868.70697,821.1561583333333
2018-02-13,845.257996,833.7536518333333
2018-02-14,923.560974,848.4519856666667
2018-02-15,936.976013,866.0776468333333
2018-02-16,944.210022,874.9294839999999
2018-02-17,974.11499,888.8953246666666
2018-02-18,923.921021,915.4711608333333
2018-02-19,943.86499,924.6735026666666
2018-02-20,895.370972,941.1080016666666
2018-02-21,849.971008,936.4096679999999
2018-02-22,812.844971,921.9088338333335
2018-02-23,864.189026,900.0146586666666
2018-02-24,840.515015,881.6936646666667
2018-02-25,844.809998,867.7926636666666
2018-02-26,869.315002,851.2834983333332
2018-02-27,878.265015,846.9408366666667
2018-02-28,855.198975,851.6565044999999
2018-03-01,872.200012,858.7155051666667
2018-03-02,856.853027,860.0506695
2018-03-03,857.224976,862.7736715000001
2018-03-04,866.677979,864.8428345000001
2018-03-05,853.684021,864.4033306666666
2018-03-06,816.950989,860.3064983333334
2018-03-07,752.830994,853.931834
2018-03-08,704.596008,834.0369976666666
2018-03-09,728.916016,808.6608278333333
2018-03-10,686.890015,787.2760011666668
2018-03-11,723.338989,757.3113405
2018-03-12,699.830994,735.5871685000001
2018-03-13,690.827026,716.0671693333334
2018-03-14,614.291016,705.7331746666667
2018-03-15,611.304016,690.6823426666666
2018-03-16,601.666016,671.0803426666668
2018-03-17,552.778992,656.8763428333333
2018-03-18,538.643982,628.4496766666667
2018-03-19,556.726013,601.5851746666667
2018-03-20,557.174988,579.2350058333333
2018-03-21,561.731995,569.7156678333333
2018-03-22,539.702026,561.4536643333333
2018-03-23,539.619019,551.1263326666667
2018-03-24,526.439026,548.9330038333333
2018-03-25,524.286987,546.8988445
2018-03-26,489.950989,541.4923401666666
2018-03-27,450.115997,530.2883403333334
2018-03-28,446.278992,511.685674
2018-03-29,385.967987,496.1151683333333
2018-03-30,394.644989,470.50666299999995
2018-03-31,396.457001,448.54099016666663
2018-04-01,379.606995,427.2359925
2018-04-02,386.424988,408.8453268333333
2018-04-03,416.893005,398.2301586666667
2018-04-04,380.542999,393.33249416666666
2018-04-05,383.231995,392.4283295
2018-04-06,370.285004,390.5261638333333
2018-04-07,385.313995,386.1641643333333
2018-04-08,400.507996,387.11533099999997
2018-04-09,398.526001,389.462499
2018-04-10,414.243011,386.4013316666667
2018-04-11,430.540009,392.0180003333333
2018-04-12,492.94101,399.90266933333334
2018-04-13,492.734985,420.34533700000003
2018-04-14,501.477997,438.2488353333333
2018-04-15,531.702026,455.07716883333336
2018-04-16,511.147003,477.27317300000004
2018-04-17,502.894012,493.4238383333334
2018-04-18,524.789001,505.4828388333333
2018-04-19,567.888977,510.7908373333333
2018-04-20,615.718018,523.3165026666667
2018-04-21,605.39502,542.3565061666667
2018-04-22,621.859985,554.6386718333333
2018-04-23,642.547974,573.0908355
2018-04-24,708.15802,596.3664958333334
2018-04-25,615.416016,626.927999
2018-04-26,662.809021,634.8491721666667
2018-04-27,647.031982,642.6976726666667
2018-04-28,683.677979,649.6371663333333
2018-04-29,688.880981,659.9401653333333
2018-04-30,669.924011,667.6623331666666
2018-05-01,673.612976,661.2899983333333
2018-05-02,687.148987,670.9894916666666
2018-05-03,779.54303,675.0461526666667
2018-05-04,785.624023,697.1313273333334
2018-05-05,816.119995,714.1223346666666
2018-05-06,792.310974,735.328837
2018-05-07,753.724976,755.7266641666666
2018-05-08,752.856995,769.0786641666667
2018-05-09,752.275024,780.0299988333333
2018-05-10,727.276978,775.4853311666666
2018-05-11,679.585999,765.7608236666666
2018-05-12,686.047974,743.0051576666666
2018-05-13,733.495972,725.2946576666667
2018-05-14,730.549011,721.9231570000001
2018-05-15,708.870972,718.2051596666666
2018-05-16,707.049988,710.9711510000001
2018-05-17,672.656982,707.5999860000001
2018-05-18,694.367004,706.4451498333333
2018-05-19,696.530029,707.8316548333333
2018-05-20,715.369019,701.6706643333333
2018-05-21,699.221985,699.1406656666667
2018-05-22,647.741028,697.5325011666667
2018-05-23,583.585022,687.6476745
2018-05-24,601.755005,672.8023478333333
2018-05-25,586.734009,657.3670146666667
2018-05-26,587.280029,639.067678
2018-05-27,572.66803,617.719513
2018-05-28,516.036011,596.6271871666667
2018-05-29,565.388,574.676351
2018-05-30,559.590027,571.643514
2018-05-31,577.64502,564.6160176666667
2018-06-01,580.04303,563.1011861666667
2018-06-02,591.807983,561.8950196666666
2018-06-03,618.328979,565.0850118333334
2018-06-04,592.984985,582.1338398333334
2018-06-05,609.302979,586.7333373333335
2018-06-06,607.124023,595.0188293333334
2018-06-07,605.187012,599.9319965000001
2018-06-08,601.077026,604.1226601666666
2018-06-09,597.562012,605.6675006666667
2018-06-10,526.479004,602.2063395
2018-06-11,533.283997,591.1220093333333
2018-06-12,496.842987,578.452179
2018-06-13,477.493988,560.0720063333333
2018-06-14,519.742004,538.7898356666667
2018-06-15,491.003998,525.2339986666667
2018-06-16,499.641998,507.47432966666673
2018-06-17,500.447998,503.00149533333337
2018-06-18,518.890991,497.5288288333333
2018-06-19,537.95697,501.20349616666664
2018-06-20,536.268005,511.28065983333335
2018-06-21,527.367004,514.0349933333333
2018-06-22,465.816986,520.0954943333332
2018-06-23,474.519989,514.4579923333333
2018-06-24,457.671997,510.1366575
2018-06-25,460.309998,499.93349183333333
2018-06-26,432.772003,486.9923298333334
2018-06-27,442.36499,469.74299616666667
2018-06-28,422.36499,455.5759938333333
2018-06-29,436.009003,448.33399449999996
2018-06-30,455.179993,441.9154968333333
2018-07-01,453.917999,441.5001628333334
2018-07-02,475.346985,440.43482966666664
2018-07-03,464.195007,447.53066000000007
2018-07-04,467.317993,451.16899616666666
2018-07-05,474.411987,458.6611633333334
2018-07-06,474.011993,465.0616606666667
2018-07-07,491.660004,468.2003273333333
2018-07-08,489.118988,474.4906615
2018-07-09,476.682007,476.78599533333335
2018-07-10,434.424011,478.867162
2018-07-11,446.518005,473.3848316666667
2018-07-12,430.074005,468.7358346666667
2018-07-13,434.027008,461.4128366666667
2018-07-14,436.085999,451.80733733333335
2018-07-15,449.850006,442.9685058333334
2018-07-16,480.65799,438.4965056666667
2018-07-17,501.002014,446.20216883333336
2018-07-18,480.513,455.28283700000003
2018-07-19,469.618988,463.68933616666664
2018-07-20,450.697998,469.6213328333333
2018-07-21,462.436005,472.05666599999995
2018-07-22,459.657013,474.1543325
2018-07-23,450.852997,470.65416966666663
2018-07-24,479.372986,462.2960001666666
2018-07-25,472.493011,462.10599783333333
2018-07-26,464.036987,462.58500166666676
2018-07-27,469.665985,464.8081665
2018-07-28,466.89801,466.01316316666674
2018-07-29,466.665009,467.21999600000004
2018-07-30,457.080994,469.85533133333337
2018-07-31,433.867004,466.13999933333326
2018-08-01,420.747009,459.70233149999996
2018-08-02,412.621002,452.4873351666667
2018-08-03,418.261993,442.979838
2018-08-04,407.252014,434.87383516666665
2018-08-05,410.515991,424.9716693333333
2018-08-06,406.65799,417.21083550000003
2018-08-07,380.214996,412.6759998333334
2018-08-08,356.613007,405.92066433333326
2018-08-09,365.588013,396.58599849999996
2018-08-10,334.175995,387.8070018333333
2018-08-11,322.112,375.62766533333325
2018-08-12,319.570007,360.8936668333333
2018-08-13,286.494995,346.379003
2018-08-14,278.932007,330.75900283333334
2018-08-15,282.364014,317.81216950000004
2018-08-16,288.04599,303.941503
2018-08-17,315.729004,296.25316883333335
2018-08-18,295.812012,295.18933616666664
2018-08-19,300.834015,291.22967033333333
2018-08-20,274.315002,293.61950699999994
2018-08-21,281.944,292.8500061666667
2018-08-22,271.341003,292.7800038333333
2018-08-23,277.104004,289.9958393333333
2018-08-24,282.96701,283.5583393333333
2018-08-25,279.645996,281.41750566666667
2018-08-26,275.196991,277.88616916666666
2018-08-27,285.602997,278.0331673333333
2018-08-28,296.498993,278.6430001666667
2018-08-29,289.312012,282.8359985
2018-08-30,284.105011,284.8706665
2018-08-31,283.003998,285.06033333333335
2018-09-01,295.341003,285.62000033333334
2018-09-02,294.371002,288.97733566666665
2018-09-03,289.259003,290.43866983333334
2018-09-04,285.722992,289.2320048333333
2018-09-05,232.330994,288.6338348333333
2018-09-06,230.214996,280.004832
2018-09-07,217.203003,271.206665
2018-09-08,197.951004,258.183665
2018-09-09,196.923996,242.11366533333333
2018-09-10,197.078995,226.7244975
2018-09-11,185.065994,211.950498
2018-09-12,183.330994,204.07299799999998
2018-09-13,211.354004,196.25899766666666
2018-09-14,211.748993,195.2841645
2018-09-15,223.074005,197.58382933333334
2018-09-16,220.589005,201.94216416666666
2018-09-17,197.875,205.86049916666664
2018-09-18,209.975006,207.99533350000002
2018-09-19,209.968994,212.43600216666667
2018-09-20,224.591003,212.20516716666666
2018-09-21,246.584,214.34550216666665
2018-09-22,240.479996,218.26383466666667
2018-09-23,244.330002,221.57899983333334
2018-09-24,228.729996,229.32150016666665
2018-09-25,218.505005,232.44733183333332
2018-09-26,215.847,233.87000033333334
2018-09-27,228.494003,232.41266650000003
2018-09-28,222.401993,229.39766699999998
2018-09-29,231.634995,226.3846665
2018-09-30,232.848007,224.268832
2018-10-01,230.768005,224.95516716666668
2018-10-02,227.181,226.9990005
2018-10-03,220.488998,228.8880005
2018-10-04,222.218002,227.55383300000003
2018-10-05,227.600998,227.52316783333333
2018-10-06,225.119995,226.850835
2018-10-07,226.119003,225.56283299999998
2018-10-08,229.255005,224.78799933333335
2018-10-09,227.981995,225.13366683333334
2018-10-10,225.768997,226.3824996666667
2018-10-11,189.498993,226.97433216666664
2018-10-12,196.727005,220.62399800000003
2018-10-13,199.841003,215.89183300000002
2018-10-14,195.714996,211.51216633333334
2018-10-15,209.703995,205.92216483333334
2018-10-16,210.119995,202.8758315
2018-10-17,207.082993,200.26766450000002
2018-10-18,203.352005,203.19833116666666
2018-10-19,203.727005,204.30249783333332
2018-10-20,205.429993,204.95016483333333
2018-10-21,205.141998,206.569331
2018-10-22,204.044006,205.80899816666667
2018-10-23,204.335999,204.79633333333334
2018-10-24,203.852005,204.33850099999998
2018-10-25,202.718994,204.42183433333332
2018-10-26,203.328995,204.25383250000002
2018-10-27,204.210007,203.90366616666665
2018-10-28,205.365997,203.74833433333333
2018-10-29,197.246994,203.96866616666668
2018-10-30,197.556,202.78716533333332
2018-10-31,197.380997,201.73783116666667
2018-11-01,198.871994,200.848165
2018-11-02,200.634995,200.1053315
2018-11-03,200.186005,199.50949616666665
2018-11-04,207.485992,198.6461641666667
2018-11-05,209.091003,200.3526638333333
2018-11-06,218.451996,202.27516433333335
2018-11-07,217.182999,205.7869975
2018-11-08,212.231003,208.83883166666666
2018-11-09,210.074005,210.7714996666667
2018-11-10,212.533005,212.41949966666667
2018-11-11,211.339996,213.26066849999998
2018-11-12,210.417999,213.63550066666664
2018-11-13,206.826004,212.29650116666664
2018-11-14,181.397003,210.57033533333333
2018-11-15,180.806,205.43133533333332
2018-11-16,175.177002,200.5533345
2018-11-17,174.001007,194.32733399999998
2018-11-18,177.067001,188.10416916666668
2018-11-19,149.175003,182.5456695
2018-11-20,130.339005,172.93716933333334
2018-11-21,136.701004,164.42750299999997
2018-11-22,126.706001,157.07667033333334
2018-11-23,123.295998,148.99817016666665
2018-11-24,113.494003,140.54733533333334
2018-11-25,116.449997,129.95183566666665
2018-11-26,108.334999,124.49766799999999
2018-11-27,110.010002,120.83033366666668
2018-11-28,122.438004,116.38183333333335
2018-11-29,117.542648,115.6705005
2018-11-30,113.171417,114.71160883333333
2018-12-01,118.635559,114.65784450000001
2018-12-02,116.388901,115.02210483333333
2018-12-03,108.925018,116.36442183333332
2018-12-04,110.214188,116.18359116666666
2018-12-05,102.475555,114.14628850000001
2018-12-06,91.761055,111.63510633333334
2018-12-07,93.294563,108.06671266666666
2018-12-08,92.159637,103.84321333333334
2018-12-09,95.142059,99.80500266666667
2018-12-10,91.685654,97.50784283333333
2018-12-11,88.945305,94.41975383333333
2018-12-12,90.5933,92.16471216666667
2018-12-13,86.539314,91.97008633333333
2018-12-14,84.308296,90.84421149999999
2018-12-15,84.440811,89.53565466666667
2018-12-16,85.2621,87.75211333333334
2018-12-17,95.133827,86.68152099999999
2018-12-18,101.112457,87.71294133333333
2018-12-19,101.268578,89.46613416666666
2018-12-20,116.216873,91.9210115
2018-12-21,109.496231,97.23910766666667
2018-12-22,116.759499,101.415011
2018-12-23,130.765259,106.66457750000001
2018-12-24,140.238007,112.60314950000001
2018-12-25,129.844345,119.1240745
2018-12-26,131.865631,123.88670233333335
2018-12-27,116.575912,126.49482866666669
2018-12-28,137.647018,127.6747755
2018-12-29,138.018341,131.15602866666666
2018-12-30,139.859451,132.36487566666668
2018-12-31,133.368256,132.301783
2019-01-01,140.819412,132.8891015
2019-01-02,155.047684,134.38139833333335
2019-01-03,149.13501,140.79336033333334
2019-01-04,154.58194,142.70802566666666
2019-01-05,155.638596,145.4686255
2019-01-06,157.746201,148.098483
2019-01-07,151.699219,152.16147383333333
2019-01-08,150.359634,153.974775
2019-01-09,150.803116,153.19343333333333
2019-01-10,128.625183,153.471451
2019-01-11,127.548325,149.14532483333335
2019-01-12,125.96653,144.463613
2019-01-13,116.897804,139.16700116666667
2019-01-14,129.068726,133.36676533333335
2019-01-15,122.032715,129.81828066666665
2019-01-16,123.547066,125.02321383333333
2019-01-17,123.74192,124.17686100000002
2019-01-18,121.010262,123.54246016666666
2019-01-19,124.51902,122.7164155
2019-01-20,119.474831,123.98661816666667
2019-01-21,117.157852,122.38763566666667
2019-01-22,118.747551,121.57515849999999
2019-01-23,117.452606,120.77523933333333
2019-01-24,117.362885,119.72702033333333
2019-01-25,116.378342,119.11912416666667
2019-01-26,116.488739,117.7623445
2019-01-27,113.405289,117.2646625
2019-01-28,106.589973,116.63923533333333
2019-01-29,105.598213,114.61297233333333
2019-01-30,108.907539,112.63724016666667
2019-01-31,107.061012,111.22801583333334
2019-02-01,107.609787,109.67512750000002
2019-02-02,110.43026,108.19530216666668
2019-02-03,107.492668,107.69946399999999
2019-02-04,107.821602,107.84991316666667
2019-02-05,107.44352,108.220478
2019-02-06,104.919289,107.97647483333333
2019-02-07,104.535301,107.619521
2019-02-08,119.267746,107.10710666666667
2019-02-09,119.430885,108.580021
2019-02-10,124.806488,110.56972383333334
2019-02-11,121.298393,113.40053816666669
2019-02-12,122.572289,115.70968366666666
2019-02-13,122.553604,118.65185033333334
2019-02-14,121.390205,121.65490083333333
2019-02-15,122.100388,122.008644
2019-02-16,123.260216,122.45356116666666
2019-02-17,133.598877,122.19584916666666
2019-02-18,146.098373,124.24592983333334
2019-02-19,145.346191,128.16694383333333
2019-02-20,149.554337,131.96570833333334
2019-02-21,146.130844,136.65973033333333
2019-02-22,149.092453,140.66480633333333
2019-02-23,158.795425,144.97017916666667
2019-02-24,135.852661,149.16960383333333
2019-02-25,139.822861,147.46198516666666
2019-02-26,138.089676,146.5414301666667
2019-02-27,136.125961,144.63065333333333
2019-02-28,136.746246,142.96317283333335
2019-03-01,136.443619,140.90547166666667
2019-03-02,134.206955,137.18017066666667
2019-03-03,132.24942,136.9058863333333
2019-03-04,127.774124,135.64364616666666
2019-03-05,137.822388,133.9243875
2019-03-06,138.789352,134.20712533333332
2019-03-07,138.0345,134.547643
2019-03-08,135.127075,134.81278983333334
2019-03-09,137.965332,134.96614316666668
2019-03-10,136.758682,135.91879516666665
2019-03-11,133.83403,137.41622149999998
2019-03-12,134.442886,136.75149516666667
2019-03-13,133.263077,136.02708416666667
2019-03-14,133.711594,135.23184700000002
2019-03-15,137.691788,134.99593349999998
2019-03-16,142.398178,134.95034283333334
2019-03-17,140.000549,135.89025883333332
2019-03-18,139.374603,136.918012
2019-03-19,140.519196,137.73996483333335
2019-03-20,140.686356,138.94931799999998
2019-03-21,136.636063,140.11177833333335
2019-03-22,137.181442,139.93582416666666
2019-03-23,138.239868,139.06636816666668
2019-03-24,136.986923,138.77292133333333
2019-03-25,135.031021,138.37497466666665
2019-03-26,135.460358,137.46027883333332
2019-03-27,140.988159,136.58927916666667
2019-03-28,139.416473,137.3146285
2019-03-29,142.497421,137.68713366666665
2019-03-30,142.092682,138.39672583333333
2019-03-31,141.514099,139.24768566666668
2019-04-01,141.830322,140.32819866666668
2019-04-02,163.961746,141.38985933333333
2019-04-03,161.458801,145.21879049999998
2019-04-04,158.052536,148.89251183333332
2019-04-05,165.514847,151.485031
2019-04-06,165.947205,155.38872516666666
2019-04-07,174.531647,159.46090949999999
2019-04-08,180.25882,164.91113033333332
2019-04-09,176.114578,167.62730933333333
2019-04-10,177.337479,170.06993883333334
2019-04-11,165.497025,173.284096
2019-04-12,164.736328,173.28112566666667
2019-04-13,164.513351,173.07931283333335
2019-04-14,167.838516,171.40959683333335
2019-04-15,161.574173,169.33954616666668
2019-04-16,167.623444,166.91614533333333
2019-04-17,166.95076,165.2971395
2019-04-18,173.814026,165.53942866666668
2019-04-19,173.708435,167.05237833333334
2019-04-20,173.751266,168.58489233333333
2019-04-21,170.046524,169.57035066666666
2019-04-22,171.874664,170.98240916666668
2019-04-23,171.4478,171.69094583333333
2019-04-24,165.826096,172.4404525
2019-04-25,154.459396,171.10913083333332
2019-04-26,156.347092,167.90095766666667
2019-04-27,158.434937,165.000262
2019-04-28,157.295074,163.0649975
2019-04-29,155.201996,160.63506583333333
2019-04-30,162.166031,157.92743183333334
2019-05-01,160.818344,157.317421
2019-05-02,162.122787,158.37724566666665
2019-05-03,167.952408,159.3398615
2019-05-04,164.026581,160.92610666666667
2019-05-05,163.450699,162.0480245
2019-05-06,172.653214,163.42280833333334
2019-05-07,169.79866,165.17067216666666
2019-05-08,170.948166,166.66739149999998
2019-05-09,170.289307,168.138288
2019-05-10,173.142746,168.52777116666667
2019-05-11,194.304337,170.047132
2019-05-12,187.325317,175.189405
2019-05-13,196.846283,177.6347555
2019-05-14,217.148575,182.14269266666668
2019-05-15,247.153061,189.84276083333336
2019-05-16,264.01001,202.6533865
2019-05-17,243.764587,217.7979305
2019-05-18,234.59523,226.0413055
2019-05-19,261.292206,233.91962433333333
2019-05-20,251.86441,244.66061150000004
2019-05-21,255.215881,250.446584
2019-05-22,244.698914,251.7903873333333
2019-05-23,245.965668,248.57187133333332
2019-05-24,249.484985,248.93871816666663
2019-05-25,251.759872,251.420344
2019-05-26,267.069641,249.83162166666668
2019-05-27,272.86264,252.36582683333333
2019-05-28,271.768707,255.30695333333335
2019-05-29,269.455688,259.8185855
2019-05-30,255.858948,263.73358883333333
2019-05-31,268.113556,264.795916
2019-06-01,265.391266,267.52153000000004
2019-06-02,270.225525,267.24180083333334
2019-06-03,252.607925,266.80228166666666
2019-06-04,241.338791,263.608818
2019-06-05,247.05101,258.9226685
2019-06-06,249.474335,257.45467883333333
2019-06-07,250.930359,254.34814199999997
2019-06-08,245.738098,251.93799083333332
2019-06-09,233.0867,247.856753
2019-06-10,247.520126,244.6032155
2019-06-11,245.78183,245.63343799999998
2019-06-12,260.90329,245.421908
2019-06-13,256.168793,247.32673383333335
2019-06-14,264.087463,248.1998061666667
2019-06-15,269.019318,251.2580336666667
2019-06-16,269.223206,257.24680333333333
2019-06-17,274.351105,260.86398333333335
2019-06-18,265.051849,265.6255291666667
2019-06-19,269.431793,266.3169556666667
2019-06-20,271.695007,268.52745566666664
2019-06-21,294.910278,269.79537966666663
2019-06-22,309.38031,274.1105396666667
2019-06-23,307.827789,280.8033903333333
2019-06-24,310.424683,286.38283766666666
2019-06-25,318.126312,293.94497666666666
2019-06-26,336.753174,302.0607298333333
2019-06-27,294.267639,312.90375766666665
2019-06-28,311.226105,312.79665116666666
2019-06-29,320.058899,313.1042836666667
2019-06-30,290.695984,315.142802
2019-07-01,293.641113,311.85468549999996
2019-07-02,291.596436,307.773819
2019-07-03,303.099976,300.247696
2019-07-04,284.523224,301.7197521666667
2019-07-05,287.997528,297.269272
2019-07-06,287.547119,291.9257101666667
2019-07-07,305.700562,291.40089933333337
2019-07-08,313.251404,293.4108075
2019-07-09,308.881012,297.01996883333334
2019-07-10,290.002319,297.98347483333333
2019-07-11,268.704041,298.89665733333334
2019-07-12,276.276703,295.6810761666666
2019-07-13,269.458801,293.8026735
2019-07-14,227.578064,287.76238
2019-07-15,229.776001,273.48349
2019-07-16,199.188675,260.2993215
2019-07-17,211.48497,245.16371416666667
2019-07-18,226.566162,235.62720233333334
2019-07-19,221.33342,227.34211216666665
2019-07-20,229.119217,219.32121533333336
2019-07-21,225.630768,219.57807416666665
2019-07-22,217.560013,218.887202
2019-07-23,212.728516,221.94909166666665
2019-07-24,217.046371,222.1563493333333
2019-07-25,219.617996,220.56971750000002
2019-07-26,219.629608,220.28381349999998
2019-07-27,207.40831,218.702212
2019-07-28,211.186554,215.66513566666666
2019-07-29,211.268051,214.60289249999997
2019-07-30,210.522598,214.35948166666665
2019-07-31,218.654144,213.27218616666664
2019-08-01,217.808441,213.11154416666668
2019-08-02,217.871567,212.8080163333333
2019-08-03,222.490341,214.5518925
2019-08-04,222.669724,216.43585700000003
2019-08-05,234.215027,218.33613583333332
2019-08-06,226.020645,222.28487400000003
2019-08-07,226.391006,223.51262416666665
2019-08-08,220.941864,224.94305166666666
2019-08-09,210.488907,225.45476783333334
2019-08-10,206.733536,223.45452883333334
2019-08-11,216.092865,220.79849749999997
2019-08-12,211.288071,217.77813716666665
2019-08-13,208.709045,215.32270816666667
2019-08-14,186.607742,212.37571466666668
2019-08-15,188.50206,206.653361
2019-08-16,185.440079,202.9888865
2019-08-17,185.687683,199.439977
2019-08-18,194.49353,194.37244666666666
2019-08-19,203.091934,191.57335650000002
2019-08-20,196.565414,190.63717133333333
2019-08-21,186.891632,192.29678333333334
2019-08-22,191.332916,192.02837866666667
2019-08-23,194.706207,193.01051816666666
2019-08-24,191.289566,194.5136055
2019-08-25,186.842392,193.9796115
2019-08-26,188.929382,191.2713545
2019-08-27,187.516663,189.9986825
2019-08-28,173.889969,190.10285433333334
2019-08-29,169.516739,187.19569650000003
2019-08-30,168.834869,182.99745183333334
2019-08-31,172.469788,179.25500233333332
2019-09-01,171.629425,176.85956833333333
2019-09-02,178.347351,173.97624216666665
2019-09-03,179.499329,172.4480235
2019-09-04,175.992889,173.38291683333333
2019-09-05,174.217133,174.46227516666667
2019-09-06,169.956177,175.35931916666664
2019-09-07,178.262619,174.940384
2019-09-08,181.35553,176.04591633333334
2019-09-09,181.14946,176.54727949999997
2019-09-10,179.78717,176.82230133333334
2019-09-11,178.725494,177.4546815
2019-09-12,181.016098,178.20607499999997
2019-09-13,181.109726,180.04939516666664
2019-09-14,188.105515,180.523913
2019-09-15,189.789124,181.64891050000003
2019-09-16,197.113174,183.0888545
2019-09-17,208.608749,185.97652183333332
2019-09-18,211.393036,190.9570643333333
2019-09-19,221.280853,196.01988733333334
2019-09-20,218.050049,202.71507516666665
2019-09-21,215.516205,207.70583083333335
2019-09-22,211.54538,211.99367766666668
2019-09-23,201.92131,214.39904533333333
2019-09-24,168.110733,213.28447216666666
2019-09-25,170.8927,206.07075500000005
2019-09-26,166.727127,197.67272949999997
